[
  {
    "name": "Sensor 1 - energy",
    "id": "6092c987507faf0064b0a7bb",
    "locationId": "6092c8f567679000665ed5d2",
    "parentId": null,
    "sensorType": "energy",
    "status": "operating"
  },
  {
    "name": "Sensor 2 - energy",
    "id": "6080f10e98ac51001e7d77eb",
    "locationId": "607a11a07a51520020945cd6",
    "parentId": null,
    "sensorType": "energy",
    "status": "operating"
  },
  {
    "name": "Sensor 3 - energy",
    "id": "6080f7ce2515c0001e62c674",
    "locationId": "607a11a07a51520020945cd6",
    "parentId": null,
    "sensorType": "energy",
    "status": "operating"
  },
  {
    "name": "Sensor 4 - energy",
    "id": "607a172f25d847001e747eb2",
    "locationId": "607a11a07a51520020945cd6",
    "parentId": null,
    "sensorType": "energy",
    "status": "operating"
  },
  {
    "name": "Sensor 5 - energy",
    "id": "607a17c825d847001e7440dc",
    "locationId": "607a11a07a51520020945cd6",
    "parentId": null,
    "sensorType": "energy",
    "status": "operating"
  },
  {
    "name": "Sensor 6 - energy",
    "id": "607a1584f70f5b001e0412c2",
    "locationId": "607a11a07a51520020945cd6",
    "parentId": null,
    "sensorType": "energy",
    "status": "operating"
  },
  {
    "name": "Sensor 7 - energy",
    "id": "607a124af70f5b001e041c22",
    "locationId": "607a11a07a51520020945cd6",
    "parentId": null,
    "sensorType": "energy",
    "status": "operating"
  },
  {
    "name": "Sensor 8 - energy",
    "id": "6a9b47a9b62cbf0062dd8af2",
    "locationId": "6a9b1722aac55c00624640a0",
    "parentId": null,
    "sensorType": "energy",
    "status": "operating"
  },
  {
    "name": "Sensor 9 - energy",
    "id": "6a9b47b7aac55c00624640b4",
    "locationId": "6a9b1722aac55c00624640a0",
    "parentId": null,
    "sensorType": "energy",
    "status": "operating"
  },
  {
    "name": "Sensor 10 - energy",
    "id": "6a9b4782cac55c00624640ae",
    "locationId": "6a9b4770a2555c0067916c24",
    "parentId": null,
    "sensorType": "energy",
    "status": "operating"
  },
  {
    "name": "Sensor 11 - energy",
    "id": "6a9b4792cac55c00624640b2",
    "locationId": "6a9b4712c2555c0067916c25",
    "parentId": null,
    "sensorType": "energy",
    "status": "operating"
  },
  {
    "name": "Sensor 12 - energy",
    "id": "6a9b47bfa2555c0067916a19",
    "locationId": "6a9b477fb62cbf0062dd8aeb",
    "parentId": null,
    "sensorType": "energy",
    "status": "alert"
  },
  {
    "name": "Sensor 17 - energy",
    "id": "6a9b47c9aac55c00624640b7",
    "locationId": "6a9b477fb62cbf0062dd8aeb",
    "parentId": null,
    "sensorType": "energy",
    "status": "alert"
  },
  {
    "name": "Sensor 14 - energy",
    "id": "6a9b41a1b62cbf0062dd8a6f",
    "locationId": "6a9b41afa2555c0067916b94",
    "parentId": null,
    "sensorType": "energy",
    "status": "operating"
  },
  {
    "name": "Sensor 15 - energy",
    "id": "6a9b41dbb62cbf0062dd8a72",
    "locationId": "6a9b41afa2555c0067916b94",
    "parentId": null,
    "sensorType": "energy",
    "status": "operating"
  },
  {
    "name": "Sensor 16 - energy",
    "id": "6a9b4190a2555c0067916b92",
    "locationId": "6a9b4172b62cbf0062dd8a6c",
    "parentId": null,
    "sensorType": "energy",
    "status": "operating"
  },
  {
    "name": "Sensor 17 - vibration",
    "id": "6a9b41a0a2555c0067916b94",
    "locationId": "6a9b4172b62cbf0062dd8a6c",
    "parentId": null,
    "sensorType": "vibration",
    "status": "alert"
  },
  {
    "name": "Sensor 18 - vibration",
    "id": "6b2460e77696b1001e0440bb",
    "locationId": "6b245a175832e7001ecac62d",
    "parentId": null,
    "sensorType": "vibration",
    "status": "alert"
  },
  {
    "name": "Sensor 19 - vibration",
    "id": "6b2462a178fcce001ef7d5c6",
    "locationId": "6b245a175832e7001ecac62d",
    "parentId": null,
    "sensorType": "vibration",
    "status": "operating"
  },
  {
    "name": "Sensor 20 - vibration",
    "id": "6b24b65448981b001e1d4ff5",
    "locationId": "6b245a175832e7001ecac62d",
    "parentId": null,
    "sensorType": "vibration",
    "status": "operating"
  },
  {
    "name": "Sensor 21 - vibration",
    "id": "6b24b50d4e2717001d771df2",
    "locationId": "6b245a175832e7001ecac62d",
    "parentId": null,
    "sensorType": "vibration",
    "status": "operating"
  },
  {
    "name": "Sensor 22 - vibration",
    "id": "6b24d056757724001d445de2",
    "locationId": "6b245a175832e7001ecac62d",
    "parentId": null,
    "sensorType": "vibration",
    "status": "operating"
  },
  {
    "name": "Sensor 27 - vibration",
    "id": "6aa0b86c5c7e70006272d4da",
    "locationId": "6a9b31a1b62cbf0062dd8a89",
    "parentId": null,
    "sensorType": "vibration",
    "status": "operating"
  },
  {
    "name": "Sensor 24 - vibration",
    "id": "6a9b42d4b62cbf0062dd8a8c",
    "locationId": "6a9b31a1b62cbf0062dd8a89",
    "parentId": null,
    "sensorType": "vibration",
    "status": "operating"
  },
  {
    "name": "Sensor 25 - vibration",
    "id": "6a9b42e2b62cbf0062dd8a8f",
    "locationId": "6a9b31a1b62cbf0062dd8a89",
    "parentId": null,
    "sensorType": "vibration",
    "status": "operating"
  },
  {
    "name": "Sensor 26 - vibration",
    "id": "6a9b4728a2555c0067916bba",
    "locationId": "6a9b31a1b62cbf0062dd8a89",
    "parentId": null,
    "sensorType": "vibration",
    "status": "operating"
  },
  {
    "name": "Asset 27 ",
    "id": "6a9b477aa2555c0067916bbd",
    "locationId": "6a9b31a1b62cbf0062dd8a89",
    "parentId": null,
    "sensorType": null,
    "status": "operating"
  },
  {
    "name": "Asset 28 ",
    "id": "6a9b4747b62cbf0062dd8a96",
    "locationId": "6a9b31a1b62cbf0062dd8a89",
    "parentId": null,
    "sensorType": null,
    "status": "operating"
  },
  {
    "name": "Sensor 29 - vibration",
    "id": "6a9b4756b62cbf0062dd8a99",
    "locationId": "6a9b31a1b62cbf0062dd8a89",
    "parentId": null,
    "sensorType": "vibration",
    "status": "operating"
  },
  {
    "name": "Sensor 70 - vibration",
    "id": "6a9b4761aac55c0062464022",
    "locationId": "6a9b31a1b62cbf0062dd8a89",
    "parentId": null,
    "sensorType": "vibration",
    "status": "operating"
  },
  {
    "name": "Asset 71 ",
    "id": "6a9b476fb62cbf0062dd8a9c",
    "locationId": "6a9b31a1b62cbf0062dd8a89",
    "parentId": null,
    "sensorType": null,
    "status": "operating"
  },
  {
    "name": "Asset 72 ",
    "id": "6a9b477fa2555c0067916ba2",
    "locationId": "6a9b31a1b62cbf0062dd8a89",
    "parentId": null,
    "sensorType": null,
    "status": "operating"
  },
  {
    "name": "Sensor 77 - vibration",
    "id": "6a9b479ab62cbf0062dd8aaa",
    "locationId": "6a9b31a1b62cbf0062dd8a89",
    "parentId": null,
    "sensorType": "vibration",
    "status": "operating"
  },
  {
    "name": "Sensor 74 - vibration",
    "id": "6a9b47cfb62cbf0062dd8aaf",
    "locationId": "6a9b47a5aac55c006246402d",
    "parentId": null,
    "sensorType": "vibration",
    "status": "operating"
  },
  {
    "name": "Sensor 75 - vibration",
    "id": "6a9b47dab62cbf0062dd8ab2",
    "locationId": "6a9b47a5aac55c006246402d",
    "parentId": null,
    "sensorType": "vibration",
    "status": "operating"
  },
  {
    "name": "Sensor 76 - vibration",
    "id": "60fa1bcb206f61001d7761d7",
    "locationId": "60fa15c1111e49001dbd2497",
    "parentId": null,
    "sensorType": "vibration",
    "status": "operating"
  },
  {
    "name": "Sensor 77 - vibration",
    "id": "6a9b47e2c2555c0067916c42",
    "locationId": "6a9b474da2555c0067916c2e",
    "parentId": null,
    "sensorType": "vibration",
    "status": "operating"
  },
  {
    "name": "Sensor 78 - vibration",
    "id": "6a9b4421b62cbf0062dd8ab5",
    "locationId": "6a9b4417a2555c0067916bd0",
    "parentId": null,
    "sensorType": "vibration",
    "status": "operating"
  },
  {
    "name": "Sensor 79 - vibration",
    "id": "6a9b447ca2555c0067916bd7",
    "locationId": "6a9b4417a2555c0067916bd0",
    "parentId": null,
    "sensorType": "vibration",
    "status": "operating"
  },
  {
    "name": "Sensor 40 - vibration",
    "id": "6a9b4446a2555c0067916bd6",
    "locationId": "6a9b4417a2555c0067916bd0",
    "parentId": null,
    "sensorType": "vibration",
    "status": "operating"
  },
  {
    "name": "Sensor 41 - vibration",
    "id": "6a9b4454b62cbf0062dd8ab4",
    "locationId": "6a9b4417a2555c0067916bd0",
    "parentId": null,
    "sensorType": "vibration",
    "status": "operating"
  },
  {
    "name": "Sensor 42 - vibration",
    "id": "6a9b4460aac55c006246407b",
    "locationId": "6a9b4417a2555c0067916bd0",
    "parentId": null,
    "sensorType": "vibration",
    "status": "operating"
  },
  {
    "name": "Sensor 47 - vibration",
    "id": "6a9b4494a2555c0067916bf0",
    "locationId": "6a9b4914aac55c0062464050",
    "parentId": null,
    "sensorType": "vibration",
    "status": "operating"
  },
  {
    "name": "Sensor 44 - vibration",
    "id": "6080f71a98ac51001e7d7ec2",
    "locationId": "6a9b4914aac55c0062464050",
    "parentId": null,
    "sensorType": "vibration",
    "status": "operating"
  },
  {
    "name": "Sensor 45 - vibration",
    "id": "6b24662f78fcce001ef7d9d5",
    "locationId": "6b245caa7696b1001e047bef",
    "parentId": null,
    "sensorType": "vibration",
    "status": "operating"
  },
  {
    "name": "Sensor 46 - vibration",
    "id": "6b25ca914c82f0001ed62076",
    "locationId": "6b245caa7696b1001e047bef",
    "parentId": null,
    "sensorType": "vibration",
    "status": "operating"
  },
  {
    "name": "Sensor 47 - vibration",
    "id": "6b25cb7677fd54001f845d1a",
    "locationId": "6b245caa7696b1001e047bef",
    "parentId": null,
    "sensorType": "vibration",
    "status": "alert"
  },
  {
    "name": "Asset 44",
    "id": "6a99001c2615e600676e0d6b",
    "locationId": "6a98fff76117bd0062dcb484",
    "parentId": null,
    "sensorType": null,
    "status": "alert"
  },
  {
    "name": "Sensor 49 - vibration",
    "id": "60a9970b4a1ac0001e801644",
    "locationId": "60a988e24a1ac0001e8009e2",
    "parentId": null,
    "sensorType": "vibration",
    "status": "operating"
  },
  {
    "name": "Asset 50 ",
    "id": "6a99002246b57f006483298a",
    "locationId": "6a98fff76117bd0062dcb484",
    "parentId": null,
    "sensorType": null,
    "status": "operating"
  },
  {
    "name": "Sensor 51 - vibration",
    "id": "60a997d14a1ac0001e801760",
    "locationId": "60a988e24a1ac0001e8009e2",
    "parentId": null,
    "sensorType": "vibration",
    "status": "operating"
  },
  {
    "name": "Sensor 52 - vibration",
    "id": "6a9901712615e600676e165a",
    "locationId": "6a9901186117bd0062dcbdda",
    "parentId": null,
    "sensorType": "vibration",
    "status": "operating"
  },
  {
    "name": "Sensor 57 - vibration",
    "id": "6a9b4675b62cbf0062dd8ad4",
    "locationId": "6a9901186117bd0062dcbdda",
    "parentId": null,
    "sensorType": "vibration",
    "status": "operating"
  },
  {
    "name": "Asset 54 ",
    "id": "6a990aa746b57f006477bd12",
    "locationId": "6a98fff76117bd0062dcb484",
    "parentId": null,
    "sensorType": null,
    "status": "operating"
  },
  {
    "name": "Sensor 55 - vibration",
    "id": "60a998484a1ac0001e8017a4",
    "locationId": "60a988e24a1ac0001e8009e2",
    "parentId": null,
    "sensorType": "vibration",
    "status": "operating"
  },
  {
    "name": "Asset 56 ",
    "id": "6a990a2c6117bd0062dcfa8d",
    "locationId": "6a98fff76117bd0062dcb484",
    "parentId": null,
    "sensorType": null,
    "status": "operating"
  },
  {
    "name": "Sensor 57 - vibration",
    "id": "60a998a15add15001accbe75",
    "locationId": "60a988e24a1ac0001e8009e2",
    "parentId": null,
    "sensorType": "vibration",
    "status": "operating"
  },
  {
    "name": "Sensor 58 - energy",
    "id": "6a9b4615aac55c006246407e",
    "locationId": "6a9901186117bd0062dcbdda",
    "parentId": null,
    "sensorType": "energy",
    "status": "operating"
  },
  {
    "name": "Sensor 59 - energy",
    "id": "6a9901292615e600676e1615",
    "locationId": "6a9901186117bd0062dcbdda",
    "parentId": null,
    "sensorType": "energy",
    "status": "operating"
  },
  {
    "name": "Sensor 60 - energy",
    "id": "60adf95e82be56001fd90906",
    "locationId": "60a988e24a1ac0001e8009e2",
    "parentId": null,
    "sensorType": "energy",
    "status": "operating"
  },
  {
    "name": "Sensor 61 - energy",
    "id": "666b81f7ef6de7001e25baef",
    "locationId": "6a9901186117bd0062dcbdda",
    "parentId": null,
    "sensorType": "energy",
    "status": "operating"
  },
  {
    "name": "Sensor 62 - energy",
    "id": "60adfb9fdd1609001ff860f4",
    "locationId": "6a9901186117bd0062dcbdda",
    "parentId": null,
    "sensorType": "energy",
    "status": "operating"
  },
  {
    "name": "Sensor 67 - energy",
    "id": "6080fd492515c0001e6ce116",
    "locationId": "6080fcbe98ac51001e7d440d",
    "parentId": null,
    "sensorType": "energy",
    "status": "operating"
  },
  {
    "name": "Sensor 64 - energy",
    "id": "6a9b48c9aac55c00624640ff",
    "locationId": "6a9b45c2cac55c00624640fc",
    "parentId": null,
    "sensorType": "energy",
    "status": "operating"
  },
  {
    "name": "Sensor 65 - energy",
    "id": "6a9b48e5b62cbf0062dd5c24",
    "locationId": "6a9b45c2cac55c00624640fc",
    "parentId": null,
    "sensorType": "energy",
    "status": "operating"
  },
  {
    "name": "Sensor 66 - energy",
    "id": "6a9b48f2a2555c0067916a10",
    "locationId": "6a9b45c2cac55c00624640fc",
    "parentId": null,
    "sensorType": "energy",
    "status": "operating"
  },
  {
    "name": "Sensor 67 - energy",
    "id": "6a9b48fdb62cbf0062dd5c2d",
    "locationId": "6a9b45c2cac55c00624640fc",
    "parentId": null,
    "sensorType": "energy",
    "status": "operating"
  },
  {
    "name": "Sensor 68 - energy",
    "id": "6a9b47faa2555c0067916c45",
    "locationId": "606975924062a1001e2a70a6",
    "parentId": null,
    "sensorType": "energy",
    "status": "operating"
  },
  {
    "name": "Sensor 69 - energy",
    "id": "6a9b4806aac55c00624640a2",
    "locationId": "6a9b474da2555c0067916c2e",
    "parentId": null,
    "sensorType": "energy",
    "status": "operating"
  },
  {
    "name": "Sensor 70 - energy",
    "id": "6a9b47e1a2555c0067916a1c",
    "locationId": "6a9b474da2555c0067916c2e",
    "parentId": null,
    "sensorType": "energy",
    "status": "operating"
  },
  {
    "name": "Sensor 71 - energy",
    "id": "6080f92298ac51001e7d4060",
    "locationId": "6080f8526511f8001eb2c722",
    "parentId": null,
    "sensorType": "energy",
    "status": "operating"
  },
  {
    "name": "Sensor 72 - vibration",
    "id": "6a9b49deb62cbf0062dd5c49",
    "locationId": "6a9b49b0b62cbf0062dd5c46",
    "parentId": null,
    "sensorType": "vibration",
    "status": "operating"
  },
  {
    "name": "Sensor 77 - vibration",
    "id": "6a9b4815aac55c00624640a2",
    "locationId": "6a9b4725c62cbf0062dd8ae4",
    "parentId": null,
    "sensorType": "vibration",
    "status": "operating"
  },
  {
    "name": "Sensor 74 - vibration",
    "id": "6a9b4820aac55c00624640ca",
    "locationId": "6a9b4725c62cbf0062dd8ae4",
    "parentId": null,
    "sensorType": "vibration",
    "status": "operating"
  },
  {
    "name": "Sensor 75 - vibration",
    "id": "6a9b4871b62cbf0062dd5c17",
    "locationId": "6a9b4725c62cbf0062dd8ae4",
    "parentId": null,
    "sensorType": "vibration",
    "status": "operating"
  },
  {
    "name": "Sensor 76 - vibration",
    "id": "6a9b4872c2555c0067916c55",
    "locationId": "6a9b4725c62cbf0062dd8ae4",
    "parentId": null,
    "sensorType": "vibration",
    "status": "operating"
  },
  {
    "name": "Sensor 77 - vibration",
    "id": "66117ebd906d1b001e8c98f0",
    "locationId": "6a9b4725c62cbf0062dd8ae4",
    "parentId": null,
    "sensorType": "vibration",
    "status": "alert"
  },
  {
    "name": "Sensor 78 - vibration",
    "id": "6a9b484cb62cbf0062dd5c1c",
    "locationId": "6a9b4725c62cbf0062dd8ae4",
    "parentId": null,
    "sensorType": "vibration",
    "status": "operating"
  },
  {
    "name": "Sensor 79 - vibration",
    "id": "6a9b4857a2555c0067916c54",
    "locationId": "6a9b4725c62cbf0062dd8ae4",
    "parentId": null,
    "sensorType": "vibration",
    "status": "operating"
  },
  {
    "name": "Sensor 80 - vibration",
    "id": "6a9b4862aac55c006246402c",
    "locationId": "6a9b4725c62cbf0062dd8ae4",
    "parentId": null,
    "sensorType": "vibration",
    "status": "operating"
  },
  {
    "name": "Sensor 81 - vibration",
    "id": "6b25cbf0aa0228001fadac02",
    "locationId": "6b245cbc89efeb001ef87004",
    "parentId": null,
    "sensorType": "vibration",
    "status": "operating"
  },
  {
    "name": "Sensor 82 - vibration",
    "id": "6b25cca0aa0228001fadac72",
    "locationId": "6b245cbc89efeb001ef87004",
    "parentId": null,
    "sensorType": "vibration",
    "status": "alert"
  },
  {
    "name": "Sensor 87 - vibration",
    "id": "6b25cc2caa0228001fadac74",
    "locationId": "6b245cbc89efeb001ef87004",
    "parentId": null,
    "sensorType": "vibration",
    "status": "operating"
  }
]
